{
  "generation": 0,
  "epochs": 5089,
  "final_loss": 11.146737098693848,
  "best_loss": 11.146737098693848,
  "training_time": 18001.91662478447,
  "total_samples": 20356,
  "real_samples": 6020,
  "synthetic_samples": 14336,
  "real_data_ratio": 0.29573590096286106,
  "samples_per_epoch": 4.0,
  "completed_successfully": true
}