{
  "generation": 0,
  "epochs": 6337,
  "final_loss": 8.840584754943848,
  "best_loss": 8.840584754943848,
  "training_time": 18002.233300209045,
  "total_samples": 25348,
  "real_samples": 7300,
  "synthetic_samples": 18048,
  "real_data_ratio": 0.28799116301088845,
  "samples_per_epoch": 4.0,
  "completed_successfully": true
}