{
  "generation": 0,
  "epochs": 5072,
  "final_loss": 9.667320251464844,
  "best_loss": 9.667320251464844,
  "training_time": 18002.453036785126,
  "total_samples": 20288,
  "real_samples": 6236,
  "synthetic_samples": 14052,
  "real_data_ratio": 0.3073738170347003,
  "samples_per_epoch": 4.0,
  "completed_successfully": true
}