{
  "generation": 0,
  "epochs": 5150,
  "final_loss": 7.826111316680908,
  "best_loss": 7.826111316680908,
  "training_time": 18000.098713874817,
  "total_samples": 20600,
  "real_samples": 5940,
  "synthetic_samples": 14660,
  "real_data_ratio": 0.2883495145631068,
  "samples_per_epoch": 4.0,
  "completed_successfully": true
}