{
  "generation": 0,
  "epochs": 4767,
  "final_loss": 9.645960807800293,
  "best_loss": 9.645960807800293,
  "training_time": 18001.744795084,
  "total_samples": 19068,
  "real_samples": 5892,
  "synthetic_samples": 13176,
  "real_data_ratio": 0.30899937067337946,
  "samples_per_epoch": 4.0,
  "completed_successfully": true
}