{
  "generation": 0,
  "epochs": 6191,
  "final_loss": 7.813348770141602,
  "best_loss": 7.813348770141602,
  "training_time": 18003.410660505295,
  "total_samples": 24764,
  "real_samples": 7472,
  "synthetic_samples": 17292,
  "real_data_ratio": 0.301728315296398,
  "samples_per_epoch": 4.0,
  "completed_successfully": true
}