{
  "generation": 0,
  "epochs": 4980,
  "final_loss": 7.771291255950928,
  "best_loss": 7.771291255950928,
  "training_time": 18001.65017557144,
  "total_samples": 19920,
  "real_samples": 6264,
  "synthetic_samples": 13656,
  "real_data_ratio": 0.3144578313253012,
  "samples_per_epoch": 4.0,
  "completed_successfully": true
}