{
  "generation": 0,
  "epochs": 6320,
  "final_loss": 9.215415954589844,
  "best_loss": 9.215415954589844,
  "training_time": 18001.25372505188,
  "total_samples": 25280,
  "real_samples": 7680,
  "synthetic_samples": 17600,
  "real_data_ratio": 0.3037974683544304,
  "samples_per_epoch": 4.0,
  "completed_successfully": true
}