{
  "generation": 0,
  "epochs": 6319,
  "final_loss": 9.639941215515137,
  "best_loss": 9.639941215515137,
  "training_time": 18001.5273501873,
  "total_samples": 25276,
  "real_samples": 7316,
  "synthetic_samples": 17960,
  "real_data_ratio": 0.2894445323627156,
  "samples_per_epoch": 4.0,
  "completed_successfully": true
}