{
  "generation": 0,
  "epochs": 2616,
  "final_loss": 9.646577835083008,
  "best_loss": 9.646577835083008,
  "training_time": 18012.194202184677,
  "total_samples": 10464,
  "real_samples": 3244,
  "synthetic_samples": 7220,
  "real_data_ratio": 0.3100152905198777,
  "samples_per_epoch": 4.0,
  "completed_successfully": true
}