{
  "generation": 0,
  "epochs": 6253,
  "final_loss": 10.654969215393066,
  "best_loss": 10.654969215393066,
  "training_time": 18001.21865797043,
  "total_samples": 25012,
  "real_samples": 7604,
  "synthetic_samples": 17408,
  "real_data_ratio": 0.3040140732448425,
  "samples_per_epoch": 4.0,
  "completed_successfully": true
}