{
  "generation": 0,
  "epochs": 8296,
  "final_loss": 10.312028884887695,
  "best_loss": 10.312028884887695,
  "training_time": 18000.372025728226,
  "total_samples": 33184,
  "real_samples": 10128,
  "synthetic_samples": 23056,
  "real_data_ratio": 0.3052073288331726,
  "samples_per_epoch": 4.0,
  "completed_successfully": true
}