{
  "generation": 0,
  "epochs": 5076,
  "final_loss": 8.86026382446289,
  "best_loss": 8.86026382446289,
  "training_time": 18001.930299282074,
  "total_samples": 20304,
  "real_samples": 6084,
  "synthetic_samples": 14220,
  "real_data_ratio": 0.299645390070922,
  "samples_per_epoch": 4.0,
  "completed_successfully": true
}