{
  "generation": 0,
  "epochs": 5091,
  "final_loss": 8.630353927612305,
  "best_loss": 8.630353927612305,
  "training_time": 18000.473485469818,
  "total_samples": 20364,
  "real_samples": 6040,
  "synthetic_samples": 14324,
  "real_data_ratio": 0.29660184639560006,
  "samples_per_epoch": 4.0,
  "completed_successfully": true
}