{
  "generation": 0,
  "epochs": 6392,
  "final_loss": 9.468433380126953,
  "best_loss": 9.468433380126953,
  "training_time": 18000.38144803047,
  "total_samples": 25568,
  "real_samples": 7488,
  "synthetic_samples": 18080,
  "real_data_ratio": 0.2928660826032541,
  "samples_per_epoch": 4.0,
  "completed_successfully": true
}