{
  "generation": 0,
  "epochs": 8182,
  "final_loss": 8.068557739257812,
  "best_loss": 8.068557739257812,
  "training_time": 18000.993329048157,
  "total_samples": 32728,
  "real_samples": 9828,
  "synthetic_samples": 22900,
  "real_data_ratio": 0.3002933268149597,
  "samples_per_epoch": 4.0,
  "completed_successfully": true
}